iIdproductoKit,iIdproducto
1642,1643
1642,1644
1642,1645
1642,1646
1642,1647
1642,1648
1642,1649
1642,1650
1642,1651
1642,1652
1642,1653
1642,1654
1642,1655
1642,1656
1642,1657
1642,1658
1642,1659
1642,1660
1642,1661
1642,1662
1663,1664
1663,1665
1663,1666
1663,1667
1663,1668
1663,1669
1663,1670
1663,1671
1663,1672
1663,1673
1663,1674
1663,1675
1663,1677
1663,1678
1663,1679
1663,1680
1663,1681
1663,1682
1663,1683
1684,1685
1684,1686
1684,1687
1684,1688
1684,1689
1684,1690
1684,1691
1684,1692
1684,1693
1684,1694
1684,1695
1684,1696
1684,1697
1684,1698
1684,1699
1684,1700
1684,1701
1684,1702
1684,1703
1684,1704
1705,1706
1705,1707
1705,1708
1705,1709
1705,1710
1705,1711
1705,1712
1705,1713
1705,1714
1705,1715
1705,1716
1705,1717
1705,1718
1705,1719
1705,1720
1705,1721
1705,1722
1705,1723
1705,1724
1705,1725
1726,1727
1726,1728
1726,1729
1726,1730
1726,1731
1726,1732
1726,1733
1726,1734
1726,1735
1726,1736
1726,1737
1726,1738
1726,1739
1726,1740
1726,1741
1726,1742
1726,1743
1726,1744
1726,1745
1726,1746
1835,1836
1835,1837
1835,1838
1835,1839
1835,1840
1835,1841
1835,1842
1835,1843
1835,1844
1835,1845
1835,1846
1835,1847
1835,1848
1835,1849
1835,1850
1835,1851
1835,1852
1835,1853
1835,1854
1835,1855
