iidGarantia,iidDetalle
83390,47528
86854,78613
86855,78617
86856,78621
86906,10659
86907,11492
86908,11493
86909,11494
87285,80077
87389,49280
87390,49279
87391,49283
87392,49282
87393,49286
87394,49285
87665,60902
87666,60901
87667,60904
87668,60903
88004,80090
88005,80089
88572,88570
88573,87060
88574,87061
88575,87062
89383,75118
89509,75411
89510,75412
89666,69246
90890,7878
90891,8082
90892,8090
91075,78959
91417,75269
91418,75270
91419,75271
91655,68271
91656,67941
91657,68302
91658,68301
91659,68304
91660,68303
91678,88145
91679,88147
91680,89034
94057,42535
94058,42536
95764,40672
95765,40673
95766,40674
96423,8182
96424,8364
96425,8365
96855,42901
96856,42902
96857,42904
97422,56022
97423,56024
97424,56026
97603,51006
97604,51005
97605,51008
97606,51007
97607,51010
97608,51009
97963,91400
97964,91401
97965,91402
97966,91403
99199,34650
107552,42594
107553,42598
107554,42603
109092,106843
109158,107121
114368,95327
114657,101502
114693,114657
114842,79220
114843,79222
115433,60834
115434,60835
116397,58939
116398,58940
117710,117606
117805,76415
117818,99290
117819,99291
117820,99292
121284,121281
121285,121281
121286,121285
121289,121288
121292,121290
121293,121291
121296,121294
121299,121297
121670,117849
122349,115436
122783,122726
123289,122334
124188,123930
125352,123058
125482,123125
125495,125492
125559,115844
125560,115941
125561,116203
125569,116204
125570,116205
125690,125689
125943,113320
126297,126033
126801,125783
126888,121921
127182,116448
127272,68188
127273,68187
127274,68191
127275,68190
127276,68194
127277,68193
127350,38871
127351,38870
128169,125204
128174,109033
128175,109032
128176,109033
128979,126042
129399,120333
129644,129598
129878,128963
130254,129915
130255,129914
130256,129913
130257,129910
130258,129911
130259,129912
130261,129921
130262,129921
130263,129919
130314,129474
131172,120444
131319,120539
131935,129213
132036,129706
132405,129685
132541,125680
132542,125681
132543,125682
132544,125683
132545,125684
133138,132107
133219,105312
133252,126887
133769,133616
133903,133713
133905,133708
133918,133400
133920,133401
133921,133402
133922,133403
133923,133404
133924,133405
133925,133406
133926,133407
133948,133507
134075,132863
134331,98487
134558,134331
134843,134558
134879,134075
134944,134558
135061,134944
135081,133097
135096,127304
135393,135144
135397,133881
135521,133882
135522,133883
135586,134017
135634,130295
135786,134637
135834,23878
135844,117709
135847,135844
135891,132041
135892,132042
136263,124010
136312,124492
136316,119010
136317,119015
136351,35519
136535,123072
136629,74901
136670,110534
136749,129246
136860,35520
136861,136860
137719,66548
137722,38738
137870,86951
137871,86952
137915,86951
137916,86951
137996,134092
138240,124834
138241,138240
138306,101725
138308,101430
138309,101431
138374,138369
138387,84016
138737,11919
138739,11920
139076,136963
139077,136964
139078,136965
139079,136966
139152,37239
139153,37240
139739,136801
139740,136053
139741,136800
139742,136410
139932,135786
139933,139932
139994,137864
139995,135847
139996,139995
140260,126165
140261,140182
140310,139996
140336,126165
140337,126236
140342,137167
140601,127523
140656,30394
140689,136811
140805,30394
140808,128538
140829,120746
140853,105136
140854,140853
140858,105137
140859,140858
140929,129422
140958,137722
141019,105138
141020,141019
141206,96511
141371,140465
141501,139326
141546,141543
141566,70495
141663,91937
141874,84153
141909,99862
141910,99865
141983,96045
141985,141983
142308,140225
142434,136077
142544,94844
142607,131084
142620,142408
142824,140245
142965,65274
143117,142702
143742,121007
143904,90892
143918,143511
144005,140687
144030,142576
144031,142577
144091,142189
144211,126284
144333,140870
144549,79081
144586,143589
144587,144584
144728,133274
144729,133274
144787,53771
144963,143627
144965,144963
145152,141138
145153,141138
145158,145157
145353,142258
145429,85065
145430,85066
145928,132050
146133,145290
146474,145649
146804,125378
147159,84159
147329,134319
147514,121004
147745,121107
147782,146952
148171,129395
148282,119792
148283,119793
148294,135584
148457,86915
148458,86916
148459,86917
148460,86918
148461,86919
148462,87102
148579,143214
149397,149032
149398,149033
149690,114651
149766,112745
150067,138478
150068,138478
150108,149699
150142,112749
150143,112754
150180,148290
150185,147178
150270,117935
150271,118082
150274,142051
150298,147178
151093,150702
151226,148693
151295,150336
151338,142210
151339,143017
151427,151021
151663,75596
151754,151427
151801,132695
151883,88275
151972,147369
151973,147369
151975,147370
152055,91256
152141,132777
152142,132930
152265,151023
152318,149433
152396,140063
153462,150624
153465,150788
153467,150788
153468,151807
153529,136074
153530,136076
153531,136077
153551,149627
153712,136079
153713,136082
153714,136083
154149,105317
154199,130315
154310,130375
154311,130376
154645,147854
154647,147855
154853,154388
154854,154386
154855,154389
154896,146041
154984,149556
154985,149557
154986,149559
154987,149558
155185,126221
155334,126949
155335,127065
155401,142440
155774,154156
155775,154157
155776,154160
155777,154169
155791,151308
155829,146603
155830,146574
156058,78614
156133,83851
156375,124047
156471,152857
156472,152858
156540,153032
156541,152941
156712,155185
156728,156500
156729,156501
156730,156502
156731,156507
156732,156503
156733,156504
156734,156505
156780,155334
156781,155335
156955,63996
156956,63997
156957,154365
157015,121452
157040,155788
157181,131283
157273,154556
157377,154783
157667,149706
157669,131659
157705,140577
158007,46367
158079,157597
158080,157598
158119,538
158167,158138
158169,158139
158170,158140
158190,149706
158482,120315
158538,158079
158540,158254
158551,155858
158566,130941
158790,153229
158845,153412
158846,153416
159075,129418
159086,150455
159196,122571
159493,88290
159503,72628
159504,72629
159505,72631
159506,72172
159507,72173
159508,72630
159586,158551
159601,155741
159602,155894
159736,142051
159910,154281
159912,154279
159913,154280
159914,154282
160102,132079
160194,156131
160195,156333
160222,149841
160294,160171
160327,160206
160385,136312
160386,119010
160387,136317
160388,136535
160458,159959
160807,142109
NULL,160807
160918,152649
161020,142181
161021,161020
161023,161021
161024,153127
161310,151742
161314,142316
161315,142316
161422,142182
161423,143091
161429,110697
161452,152012
161453,152013
161460,142589
161461,142589
161513,153127
161666,99819
161680,108993
161755,154146
161822,99820
161864,88286
161865,88291
161949,108994
161951,108995
161987,99821
162003,154349
162097,156477
162207,88295
162431,153128
162467,159795
162682,134940
162730,161312
162882,135124
162883,135133
162897,159059
162901,162548
162935,143096
163083,161730
163731,151549
164141,161127
164267,151548
164269,152462
164273,152463
164444,160923
164741,95384
165032,156699
165035,156016
165378,157951
165466,97696
165467,97781
165468,97977
165903,164108
165982,164229
166207,118343
166327,164387
166329,164386
166386,118347
166388,118351
166428,164708
166443,164707
166677,87674
166695,87674
166851,87677
166852,87680
167351,163045
167352,163052
167500,163193
167501,163197
167726,163286
167727,163294
167779,155830
167795,158043
167879,165570
167907,167351
167908,167352
167910,167500
167911,167501
167912,167727
167913,167726
168286,50646
168287,50647
168288,167779
169013,80578
169229,151031
169337,169129
169339,169130
169340,169131
169341,169132
169342,169133
169343,169136
170756,152757
171112,162748
171271,147105
171272,147105
171273,147105
171274,147105
171275,147105
171276,147105
171277,147105
171412,167086
171427,157440
171700,147116
171705,147116
171706,147116
171708,147116
171712,147116
171713,147116
171733,146580
171782,141432
171910,69574
172233,168868
172314,172118
172375,171970
172376,171972
172393,168916
172407,144832
172412,171959
172624,128138
172626,128138
172664,149166
172706,172664
172712,154902
172811,153220
172907,144687
172944,162695
172945,162697
173278,140472
173569,145536
173966,163824
173976,163824
174145,136541
174163,174144
174164,164259
174276,164259
174278,164259
174280,169624
175152,126221
175252,126949
175339,162805
175407,157319
175469,175254
175471,175255
175473,175256
175474,175259
175475,175288
175476,175257
175616,156781
175646,103558
175681,155863
175682,156646
175685,173579
175750,99973
175828,103557
176158,113000
176176,103557
176723,159444
177274,173249
177995,78081
177996,78082
177997,78083
177998,78084
178000,78085
178010,78086
178280,154819
178940,174298
179003,167247
179136,133032
179398,176974
179451,175295
179513,167999
179522,177160
179523,177161
179644,160711
179756,122791
180163,173936
180329,179496
180543,179837
180642,179658
180643,179660
180827,139921
180986,130649
181133,134266
181135,134467
181165,178685
181285,86451
181328,156732
181329,156502
181400,178665
181604,131132
181743,179015
181802,65311
182120,110060
182146,178690
182249,181625
182287,181635
182394,168047
182540,169294
182591,180112
182613,179262
183391,166593
183545,175919
183910,117989
183982,166771
183983,166817
184178,164181
184179,165024
184180,164193
184181,164194
184182,164198
184183,164199
184390,120990
184462,170488
185037,153811
185397,185037
185446,174251
185567,168551
185568,174492
185617,184763
185747,168979
185802,177699
185997,185112
186581,126221
186803,174174
186804,174174
186854,177615
187242,133940
187267,133940
187268,187267
187462,133940
187464,134110
187465,134111
187972,142316
187973,142316
188077,183454
188505,183606
188794,157596
188795,157615
188914,184381
189319,174251
189412,103400
189454,174492
189456,174493
189514,145489
189601,183764
189631,146159
189888,140790
189889,140791
189890,140792
189897,189768
190004,146159
190195,159538
190210,189770
190225,132582
190248,140744
190249,140744
190250,140744
190318,187965
190451,132584
190452,132711
190576,186258
190690,189291
190780,180509
190802,189555
191032,185567
191379,182126
191411,187331
191668,191658
191703,186191
191925,170234
191978,167892
192006,183391
192007,166592
192048,168048
192149,168042
192224,166771
192226,166771
192227,166817
192228,166817
192359,12045
193141,191519
193172,179235
193182,193119
193210,180537
193382,158103
193388,120848
193409,188425
193589,184509
193624,193246
193626,193247
193627,193249
193818,193258
193819,193260
193820,193262
193854,193232
193855,193229
193980,137393
193981,137393
193991,137393
193992,137393
193993,137394
193994,137394
193995,137394
193996,137590
193997,137590
195544,184745
195557,139479
195656,186690
195658,189544
195706,184920
195712,185630
195758,166550
195770,194483
195853,139615
195944,120789
196149,196023
196150,196024
196305,186691
196354,186321
197009,141301
197010,141303
197011,141307
197075,194055
197179,187293
197292,187602
197692,186060
197718,65489
198289,183652
198418,197247
198439,188425
198440,188425
199410,164882
199607,165565
199608,177673
200511,194488
200852,179618
200930,187602
201000,181988
201136,110531
201415,190690
201453,201446
201513,201326
201519,111382
201527,199011
201540,190802
201644,194859
201690,201127
201737,141622
201738,141624
201743,139964
201784,195065
201868,187453
201870,143290
201871,143294
201891,87753
201908,165452
202015,194690
202022,165624
202060,201553
202073,166513
202258,140784
202311,200577
202329,200681
202376,188680
202419,141277
202460,141295
202492,121117
202493,202210
202575,202232
202622,197373
202676,160768
203148,121623
203149,121625
203296,75746
203419,193935
203705,197371
203842,188238
203843,188239
203845,188394
204897,153814
205184,195081
205802,192746
205899,186813
206152,160976
206288,205161
206363,206200
206393,162175
206445,205413
206446,205668
206658,195193
206661,205305
206743,203842
206744,203843
206755,188244
206812,145335
206929,122157
206930,123182
207084,149751
207126,175690
207150,185486
207151,206854
207152,188249
207153,188251
207313,156940
207431,199410
207467,153681
207488,199607
207540,206503
207661,166620
207680,195867
207709,201876
207807,201877
207811,204784
207945,207811
207952,201996
208036,204953
208119,201529
208216,207792
208228,205002
208305,207207
208306,25745
208480,201136
208481,206478
208482,206478
208537,186138
208547,202879
208566,186821
208668,207544
208683,208005
208901,5942
209013,207688
209326,207084
209330,208047
209465,207313
209770,201028
210278,184390
210386,154052
210388,154053
210391,154054
210409,121586
210450,121589
210729,210450
210864,207349
210865,207359
210867,207351
210880,199152
211238,209502
211485,201517
211610,207528
211922,210392
211970,194487
211971,194488
211972,194489
212050,211006
212389,201551
212480,207346
212494,192288
212589,210054
212699,207700
212810,207797
213058,187305
213096,181673
213097,178421
213214,142009
213330,109296
213482,181674
213483,181674
213484,178538
213529,197879
213556,207126
213588,178538
213713,155909
213721,187587
213747,142015
213772,205487
213856,197179
213903,181675
213911,156065
214000,200930
214002,156071
214058,182253
214061,109297
214135,189416
214149,202188
214282,204477
214287,204744
214346,109298
214347,214000
214558,208547
214596,211492
214607,214346
215056,188011
215057,188012
215058,188013
215438,187255
215503,215050
215804,206743
215805,206755
215858,213012
216056,198706
216216,213456
216283,202186
216285,153531
216305,172126
216434,208321
216480,207544
216513,202361
216515,202695
216516,153714
216639,213841
216698,159495
216794,159497
216840,159499
216881,200721
216882,200730
217192,213462
217193,213463
217248,213465
217249,213466
217251,213467
217253,213470
217290,207723
217291,207722
217654,177048
217749,215373
217889,215628
218062,178421
218153,177494
218236,216060
218384,192855
218598,216060
218680,215099
218726,167907
218728,162482
218890,163196
218975,214352
218986,167913
219017,206857
219018,146813
219078,218532
219170,206971
219180,211733
219181,211734
219182,211735
219183,211741
219184,211743
219185,211744
219186,211745
219187,211746
219188,211747
219189,211748
219190,211749
219191,211750
219192,211751
219218,127465
219225,195386
219261,206973
219437,219277
219442,213588
219599,187256
219627,159542
219771,159714
219876,159716
219889,215109
219912,132149
219956,187617
220011,218404
220133,215507
220170,187404
220782,199246
221325,220005
221395,221112
221846,220086
221877,220963
221897,134941
221935,159503
221944,221038
222006,135132
222007,135141
222067,159504
222069,159505
222149,51141
222150,51737
222151,51738
222193,162170
222215,173155
222239,220572
222248,167553
222288,124107
222289,138241
222308,115026
222309,115029
222362,162170
222381,173156
222392,124108
222394,139487
222397,124838
222437,162170
222576,182507
222587,54520
222735,54521
222736,54522
222783,182508
222786,182677
222892,200808
223035,201050
223040,201325
223056,211391
223189,201453
223207,115268
223208,115270
223209,223207
223210,223208
223274,72173
223322,173166
223323,170791
223324,170790
223383,221269
223471,171145
223472,171144
223473,171143
223492,173413
223493,173412
223494,173409
223692,208480
223886,201644
224028,75747
224034,201784
224089,202313
224402,193202
224557,85876
224609,224061
224640,224089
224672,75490
224673,182810
224681,193552
224757,224640
224944,75491
224945,75494
224975,193614
225167,222365
225265,199148
225312,223040
225331,211472
225515,224814
225600,213166
225786,213533
225788,225786
225794,204921
225807,223164
225862,208107
225875,201579
225954,221861
225967,199426
226076,223692
226102,206892
226363,225862
226484,226142
226514,222736
226613,173164
226834,224647
226891,85784
227079,122157
227575,209751
227637,203967
227703,211945
227738,204366
228029,225611
228043,227856
228123,226197
228298,225745
228375,226834
228376,224648
228378,224649
228379,224650
228416,224861
228441,222871
228511,200852
228512,179621
228528,201765
228608,200887
228609,179703
228644,167016
228683,224415
228857,167210
228862,167016
228905,219627
228919,201908
229055,202022
229056,202073
229060,219771
229061,219876
229063,167214
229244,223294
229248,221131
229496,202321
229497,202323
229828,219257
230186,218400
230254,218466
230256,218470
230421,218677
230422,218818
230710,205996
230726,229143
230818,226211
230819,226210
231107,230967
231243,231107
231342,174004
231428,225168
231467,174105
231468,174437
231513,211447
231949,226051
232084,230039
232087,230361
232157,231394
232176,205386
232322,220207
232324,220207
232325,222239
232357,226435
232487,226757
232526,224028
232555,216737
232634,219695
232674,221452
232684,221134
232699,227848
232724,220684
232791,226926
233049,220583
233075,206930
233099,210294
233100,210295
233154,232023
233548,232437
233558,183761
233559,183762
233560,232022
233590,232966
233620,210466
233621,233558
233632,212700
233733,232023
233734,232438
233783,212802
233784,211110
233787,210458
233884,184178
233885,204173
233924,227040
233985,173537
233986,173590
233987,173591
233988,173592
233989,173589
233990,173593
233991,173594
234094,206648
234096,206650
234127,219956
234136,230461
234164,226296
234166,226295
234167,226298
234168,226302
234171,232818
234272,173664
234273,173668
234274,173670
234275,173672
234276,173666
234277,173674
234278,173676
234283,233733
234450,158086
234452,122979
234477,233994
234593,232318
234655,232674
234660,221480
234725,232861
235026,173867
235217,234734
235443,221522
235462,110054
236198,235133
236255,164071
236256,164070
236258,235284
236403,229464
236404,232358
236461,205727
236464,234896
236499,236403
236516,212481
236563,232569
236592,139085
236643,235059
236644,235632
236652,205727
236656,208854
236714,215369
236736,204869
236971,236180
237037,235198
237055,188858
237060,188858
237169,226555
237170,226557
237171,226559
237172,226562
237340,235401
237380,237206
237384,235120
237400,237273
237421,215565
237633,235332
237677,237397
237726,235415
237752,235911
237804,237340
237859,227548
238063,237337
238298,237387
238341,234417
238439,227501
238462,234783
238463,234881
238491,238137
238654,203388
238806,238805
239120,235822
239121,235822
239123,235931
239265,238024
239337,220460
239338,220461
239342,236195
239344,218490
239379,218604
239380,218605
239383,236907
239507,54937
239616,226172
239621,226173
239629,238708
239691,215211
239992,215370
240145,215749
240167,223466
240168,223556
240169,223650
240182,214607
240201,188000
240308,216246
240424,240182
240430,236691
240506,238551
240544,238686
240554,240306
240567,151548
240635,178485
240692,240145
240775,232022
240815,227368
240878,236103
240879,236194
240924,227449
240925,227574
240949,164273
241009,236456
241033,188003
241035,188005
241099,188523
241207,238538
241294,232590
241363,241207
241501,218510
241662,241425
241982,217154
242294,225685
242295,225683
242348,110055
242815,240064
242834,235851
242907,239516
242981,199940
242982,199940
242983,200424
243006,239310
243037,242008
243175,239310
243244,238496
243637,242066
243639,242213
243658,243615
243659,243617
243715,218154
243718,243262
243725,233505
243777,241702
243791,193266
243798,193443
243804,240636
243926,193446
243977,233748
244039,232844
244043,237237
244085,233343
244086,233345
244087,233347
244088,233348
244089,233350
244111,233800
244128,239080
244303,234938
244325,243837
244342,233601
244343,233602
244344,233605
244345,233606
244346,233607
244482,233756
244483,233756
244484,233756
244485,233756
244486,233756
244487,233756
244614,122658
244633,236479
244684,244414
244875,243405
244986,244441
244992,239232
245106,244705
245139,235373
245212,148808
245239,229248
245270,244323
245382,244571
245407,235650
245623,237614
245635,234655
245659,239221
245664,218508
245772,218524
245774,218630
245781,239553
245810,229731
245898,242834
245911,122410
246151,227389
246159,243643
246222,229814
246235,235792
246253,245382
246340,244562
246354,242232
246417,240151
246501,122976
246543,236040
246628,246543
246632,239735
246759,244071
246760,244072
246869,238777
246959,236689
246967,244630
247062,240692
247166,236718
247210,208547
247267,240308
247285,236718
247368,236718
247408,246651
247496,244645
248142,246848
248155,227439
248183,227443
248228,247802
248335,244150
248544,248378
248693,229225
248702,232298
248703,232299
248953,244967
249106,241607
249510,249392
249604,234047
249782,226076
249791,234550
249794,241493
249795,245788
249830,247369
249835,234186
249873,242831
249968,247681
249970,227575
249971,223800
250130,247642
250206,247566
250251,247642
250343,224402
250359,213093
250365,245220
250370,247368
250430,213170
250431,213241
250463,250356
250471,247601
250533,249746
250578,247642
250598,242000
250600,242525
250624,224975
250659,242296
250663,250240
250664,250240
250703,228919
250705,165453
250706,165454
250707,165456
250708,165457
250709,165458
250756,241984
250762,241987
250770,193708
250775,239795
250877,215498
250981,164892
250989,229055
250990,165626
250991,165627
250992,165628
250993,165629
250994,165630
251034,246361
251079,236618
251131,193708
251135,165112
251257,128651
251259,247642
251659,249212
251660,249548
251661,249548
251662,250559
251728,241531
251741,250040
252052,225670
252053,225669
252054,225671
252146,247489
252148,247604
252169,225920
252171,225921
252173,225922
252200,222215
252254,250260
252342,236956
252367,149751
252378,173158
252455,170001
252615,250370
252899,252800
253207,243939
253228,244052
253571,251256
253622,251335
253628,243717
253701,72879
253729,243778
253827,227733
253829,228005
253831,228006
253856,243778
253884,248791
253885,249156
253888,98870
253889,226120
253891,226123
253892,226125
253990,250883
254018,251966
254041,249947
254095,244086
254096,233346
254097,237513
254110,250320
254111,250322
254112,174004
254123,72881
254187,231468
254214,220772
254319,221129
254370,251343
254424,76051
254428,249671
254440,254245
254450,254244
254471,208595
254553,235682
254556,217914
254561,217928
254562,217920
254625,76051
254657,208735
254658,208769
254691,221131
254693,221452
254824,210165
254825,210166
255016,254857
255187,238570
255335,245684
255422,204784
255493,126604
255494,126607
255503,204879
255521,228710
255523,228711
255524,228712
255589,255503
255590,205002
255679,251634
256222,250498
256234,251842
256258,243278
256263,243589
256324,193202
256332,193552
256333,193572
256334,193572
256565,255025
256566,255108
256567,255026
256568,255111
256625,193574
256817,128817
256831,250623
256912,240161
256947,256356
257025,256990
257031,256991
257252,181873
257307,247490
257338,210966
257347,252146
257439,211116
257440,211182
257507,181874
257776,255493
257783,255494
258085,228862
258234,228857
258236,229063
258257,247683
258290,252462
258321,243708
258492,253676
258572,258456
258575,245792
258576,258575
258582,258531
258661,253880
258704,257567
258705,257568
258706,257569
258707,257570
258711,257580
258715,257581
258753,256923
258878,236269
259000,177241
259107,257665
259108,257666
259109,257667
259110,257668
259111,257673
259112,257678
259115,257665
259116,257666
259117,257667
259244,236355
259245,236737
259298,236266
259312,255165
259327,249951
259330,256950
259331,256951
259409,255512
259466,255598
259472,259298
259473,236738
259621,105359
259664,195192
259665,206658
259666,195194
259687,246553
259827,255256
259919,105361
259963,235712
259999,205492
260021,235784
260025,236688
260075,205686
260077,205728
260382,260212
260583,240263
260691,240403
260766,260379
260946,245776
260991,256979
261133,235270
261391,154137
261392,154139
261395,154140
261403,248866
261406,249558
261467,258104
261525,154333
261526,154334
261527,154335
261528,154341
261529,154343
261530,154344
261615,228742
261751,193708
261904,252502
261925,255342
262127,193708
262288,259919
262323,240772
262324,256426
262363,259266
262452,259641
262524,259741
262662,259232
262697,105362
262844,256508
262845,256508
262997,262658
263061,246379
263062,246379
263063,246379
263241,262323
263685,259785
263742,232703
263753,263391
263834,232862
263836,232862
263837,232862
263952,72883
264042,263482
264134,263592
264337,240630
264338,240632
264352,259719
264380,106884
264423,236865
264545,106887
264658,264545
264777,253711
264778,253712
264779,253713
264780,253715
264895,264615
264898,259841
264902,264723
264916,263739
264963,264447
265036,264545
265058,263923
265102,258876
265176,202069
265215,254135
265216,254136
265217,254137
265218,254138
265264,260110
265274,264046
265435,259907
265438,202309
265477,262816
265479,262814
265480,262813
265481,262815
265482,262816
265483,262817
265486,263111
265487,263112
265488,263113
265489,263431
265490,263117
265492,263808
265495,263807
265496,263809
265497,263810
265498,263811
265545,264577
265570,260036
265589,237216
265593,237637
265596,264662
265678,265036
265732,264714
265735,259908
265754,241531
265755,241637
265847,264348
265960,265147
265979,264241
266020,201028
266021,199298
266208,265703
266294,265845
266378,265219
266425,265419
266483,264825
266509,265680
266519,266492
266637,266617
266643,6195
266763,266667
266764,266668
266841,263269
266852,259266
266952,13399
266953,13400
266954,13400
266956,13401
266968,263449
266979,259641
266980,259741
267087,259872
267108,259872
267279,258785
267305,264382
267306,264382
267347,264382
267348,264382
267548,264084
267549,264085
267550,264086
267551,264089
267552,264090
267553,264091
267701,266261
267702,267701
267840,260248
267842,260352
267959,255261
268034,267524
268036,267527
268037,259195
268039,259196
268040,259197
268042,259198
268043,259200
268044,259204
268128,260479
268164,264916
268184,259741
268291,265274
268313,267987
268325,264200
268326,264201
268327,264212
268328,264215
268329,264216
268330,264218
268331,264087
268341,258339
268348,258391
268382,255268
268431,225030
268462,264348
268545,244413
268624,238728
268625,238970
268799,268682
268935,251257
269334,268191
269398,268246
269399,268401
269418,263629
269422,269017
269455,269313
269517,264348
269694,264277
270359,269631
270360,269632
270367,268447
270519,244142
270530,226414
270564,200985
270821,201143
270876,201144
270888,269682
270900,257776
271079,260805
271337,261505
271465,261508
272161,266036
272237,267385
272287,262162
272297,260428
272328,244377
272334,265298
272383,264618
272734,270808
272824,270186
272933,263391
273032,270398
273033,270538
273259,271026
273287,273286
273393,266556
273547,266641
273548,266765
273703,238706
273794,271579
273796,271085
273866,272689
273955,266490
273982,266951
274334,271815
274544,274334
274639,274546
274815,261971
274816,261972
274864,255257
275133,273459
275267,274368
275587,274434
275824,270594
275830,255342
275972,178545
275994,273387
276066,178789
276116,189285
276117,189550
276205,273578
276245,189297
276289,218726
276291,218986
276299,273847
276380,262845
276403,189193
276404,189297
276437,275738
276742,276707
276841,274098
276943,274622
277018,208833
277019,208872
277053,276120
277054,276143
277303,276482
277343,275267
277345,273706
277346,270360
277347,274578
277348,262460
277423,276671
277426,276755
277434,189404
277788,275812
277789,275813
278170,270360
278176,275698
278434,154874
278435,154874
278458,278443
278677,271589
278957,277343
279050,276753
279051,194829
279143,278562
279515,278501
279757,278988
279815,250210
279816,250211
279817,254463
279818,253011
279931,278936
279955,265480
279956,265481
279957,279956
279958,265482
279959,265483
279969,277714
279970,279969
279996,277764
279997,279996
279998,277845
279999,279998
280035,278961
280042,256324
280084,279642
280108,279516
280124,256332
280125,256625
280127,260710
280128,263704
280202,279013
280216,265486
280218,263112
280219,263113
280220,265489
280221,265490
280276,88567
280292,279366
280322,263704
280443,276222
280445,280168
280449,276222
280637,263756
280941,269632
280947,265640
281404,279328
281503,265495
281517,265492
281532,246443
281536,265496
281537,265497
281538,265498
281616,280941
281645,279747
281716,279861
281800,235786
281802,235790
281803,235791
281804,235793
281805,235996
281806,235997
281807,235998
281808,235999
281942,279583
281943,279584
281989,264504
282175,266048
282184,264646
282269,279089
282381,265242
282407,279835
282432,274252
282434,279910
282435,274252
282491,281954
282503,221591
282504,221839
282561,221958
282671,222180
282749,263453
283460,277415
283537,283301
284047,280805
284065,282978
284087,283992
284494,230719
284535,272851
284536,274068
284537,273781
284570,281410
284870,279764
285035,282681
285156,276984
285158,276985
285159,276986
285287,282701
285293,282927
285325,281708
285326,282033
285427,284447
285453,284456
285454,284449
285514,277362
285515,277363
285516,277364
285584,279923
285665,283346
285747,281679
285756,282927
285757,282928
285800,280345
286020,280415
286150,282928
286227,281218
286276,284103
286390,277688
286391,277689
286392,277691
286474,286445
286603,284247
286760,285718
286819,284910
286873,277005
287291,284535
287296,284536
287331,287310
287369,286626
287574,284047
287632,283902
287788,285319
287790,285320
287863,251417
288068,285919
288147,286082
288213,287758
288270,287946
288281,283983
288282,208422
288283,208422
288408,283052
288538,283343
288602,285494
289114,287404
289115,287405
289509,287599
289511,287600
289522,287712
289700,288215
289701,288217
289906,289700
289907,289701
289997,288178
290055,288247
290056,288248
290341,288260
290385,288568
290387,288755
290508,288386
290519,289854
290941,210570
291175,255774
291349,290818
291403,210786
291405,210788
291763,291461
291862,291275
291951,291627
292037,280372
292129,280486
292130,281009
292204,292130
292215,292204
292306,283056
292413,284290
292436,284311
292572,280805
292998,292747
293102,288039
293108,261636
293117,292864
293619,289830
293662,289972
293706,293215
293708,293706
293709,202893
293890,292143
293976,293819
293977,293817
294191,292079
294197,287869
294198,286906
294199,286905
294215,291349
294277,287934
294278,287935
294279,287936
294280,287938
294281,287939
294282,287940
294297,290551
294298,290552
294299,290553
294506,281804
294507,281803
294508,281802
294515,281800
294555,290714
294556,290715
294557,290716
294558,290764
294559,290766
294560,290767
294702,288755
294703,288756
294762,281808
294763,281807
294764,281806
294765,281805
294903,281810
294904,281812
294905,281813
294906,281814
295248,236321
295254,294758
295300,290745
295336,295059
295462,294758
295491,294198
295513,294279
295514,294282
295758,286404
296164,296050
296191,286666
296199,249427
296258,294472
296606,249426
296681,294983
296851,286013
296877,289522
297080,285397
297151,290816
297152,297151
297210,285405
297215,285407
297464,285549
297548,269830
297549,269831
297550,269832
297551,269833
297840,229228
297862,272982
297863,272983
297864,272984
297865,272986
297895,225771
297955,297053
298044,290040
298106,297542
298118,297866
298360,285551
299031,298118
299316,237876
299317,237877
299759,298624
300428,298122
300522,298429
300678,299921
300886,296637
300926,295039
300931,296801
301465,300886
302146,292804
302287,239621
302393,301543
302404,295710
302418,302188
302554,291051
302561,295712
302598,301688
302751,291092
303060,302498
303427,294773
304171,302017
304342,302018
304575,304521
304841,240775
304842,233548
304862,295225
304906,298873
304956,298890
305029,302983
305030,302984
305031,302985
305032,302986
305033,302987
305034,302988
305060,304342
305164,280135
305218,280166
305278,300025
305279,300094
305338,280290
305543,297215
305544,285409
305561,295969
305562,295970
305563,295973
305564,295974
305565,295975
305566,295976
305567,295977
305568,295978
305569,295983
305570,295986
305571,295987
305572,295972
305573,295979
305574,295980
305575,295981
305576,295982
305644,280293
305645,280294
305750,297464
305751,285550
305755,298360
305756,285552
305813,305546
305878,305744
305902,296531
305903,296532
305904,296534
305905,296535
305906,296538
305907,296539
305914,295984
305915,295985
305958,303521
305960,303522
305961,303523
305962,303524
305963,303525
305964,303519
306038,296520
306040,296521
306041,296522
306042,296524
306043,296525
306044,296526
306045,296527
306046,296528
306047,296529
306049,305575
306050,295984
306051,295985
306063,296536
306064,296537
306250,304565
306290,303929
306291,303930
306292,303931
306293,303932
306294,303933
306298,303936
306461,277747
306462,277796
306604,306191
306704,306348
306843,290139
306864,290454
306916,290570
307380,264575
307439,278210
307629,264932
307884,307515
307907,307522
307911,307894
307932,306462
308052,308002
308235,308026
308449,301475
308525,293113
308526,293112
308595,293157
308824,306627
308869,307861
309040,301654
309111,305708
309218,289997
309220,297875
309312,309220
309567,296664
309568,296663
309569,296665
309588,296667
309589,296668
309590,296669
309637,261255
309662,304769
309925,305125
309973,286870
309974,132526
310457,308542
310509,304786
310613,291343
310662,310613
310979,296989
311183,305530
311478,307572
311864,307935
312205,303427
312206,294774
312221,304862
312222,295227
312292,311533
312465,77160
312466,287494
312583,303974
312603,285169
312629,77161
312630,287543
312659,296756
312660,296757
312918,77162
312919,287580
313082,312909
313501,312720
313605,312844
313922,307047
313923,307710
314219,311994
314220,311997
314343,309761
314391,304789
314506,309869
314550,312110
314633,311533
314740,310509
314747,282549
314790,314343
314870,314634
314894,283129
314962,312579
315099,312722
315101,313359
315228,310059
316207,299595
316415,299670
316416,299671
316417,299673
316418,299674
316419,299675
316420,299702
316428,314790
316495,314506
316607,300115
316608,300118
316609,300124
316610,300125
316611,300126
316612,300127
316746,307355
316748,307357
316749,307358
316915,314299
317085,310864
317156,311843
317159,315912
317241,315959
317253,273635
317331,307110
317352,317253
317353,273764
317383,301802
317490,317370
317774,317640
318020,296433
318111,285859
318175,302556
318176,302553
318201,316765
318206,296912
318225,296634
318377,302135
318544,302308
318545,302624
318975,310169
318976,310172
318977,310173
319326,318019
319327,318240
319328,309634
319717,303158
319738,319737
319761,303200
319767,303342
319780,319738
319800,319109
319989,283188
320121,319785
320128,303377
320129,303380
320316,290140
320317,290141
320318,290142
320319,290143
320320,290144
320321,290455
320322,290456
320323,290457
320324,290458
320325,290459
320338,262813
320339,262814
320340,262815
320341,262814
320342,262815
320343,262816
320344,262817
320346,281503
320347,281517
320348,281536
320351,281537
320352,281538
320362,318622
320482,253295
320521,307558
320649,319490
321029,297329
321168,307969
321190,320172
321191,320395
321192,320472
321253,317779
321386,271191
321405,271191
321417,317788
321494,271228
321501,244169
321516,317841
321538,271466
321559,244309
321605,315924
321606,315925
321879,295901
321880,315529
321881,296064
321882,296066
321945,321810
322091,321351
322195,290981
322196,290982
322197,290983
322198,290984
322293,290981
322364,319060
322712,322445
322864,313277
322892,321952
322893,322188
322984,322343
323091,322579
323229,317959
323230,318020
323314,318225
323413,309450
323442,318341
323513,318635
323544,320721
323630,321302
323640,323097
323703,312205
323704,312206
323845,318955
323886,303663
323978,321320
323993,318956
324048,324045
324228,321323
324229,323684
324372,323847
324373,323848
324476,323554
324477,316634
324478,323555
324479,323554
324483,321498
324719,316983
324722,316340
324733,324385
324836,315880
325062,316332
325125,318905
325131,320729
325394,293400
325552,293657
325861,295219
325862,295220
325863,312221
325864,312222
325939,325173
325985,325764
326007,304026
326178,322364
326204,321427
326265,326204
326447,293917
326605,315832
326804,316013
326834,316014
326994,316710
327037,325985
327076,325988
327091,318728
327297,318844
327505,196883
327537,317100
327584,322692
327641,326009
327653,322064
327732,324165
327733,324167
327734,324167
327735,324167
327736,324168
327737,324169
327738,324170
327739,324171
327740,324173
327741,324174
327742,324175
327743,324176
327744,324177
327745,324178
327800,322290
327804,323009
327806,323013
327990,327680
327991,327679
328052,326677
328053,326678
328085,324441
328086,324442
328087,324443
328088,324444
328089,324445
328091,324446
328092,324447
328093,324448
328094,324449
328095,324450
328096,324451
328097,324453
328098,324454
328242,328239
328244,328238
328245,328240
328246,328240
328438,326008
328439,326223
328536,326638
328624,328529
328629,328625
328768,328627
328769,328628
328858,326311
328965,326676
329015,326903
329276,327653
329330,329142
329331,329143
329387,327800
329460,328566
329576,324039
330009,326031
330036,326994
330037,327537
330038,316812
330106,326605
330107,326804
330108,326834
330197,329820
330198,329822
330199,329825
330371,320316
330372,320317
330373,320318
330374,320319
330375,320320
330376,320068
330377,320321
330378,320322
330379,320323
330380,320324
330381,320325
330383,320140
330503,277145
330504,277148
330566,329154
330754,329892
330858,329891
330909,277525
330910,277526
330981,319544
331060,330041
331063,330040
331084,331071
331107,319557
331152,326824
331213,319652
331261,329251
331409,326919
331412,327094
331627,331085
331749,331091
331754,312344
331757,312407
331969,331607
331984,331803
332264,331023
332341,331574
332343,331636
332384,332372
332396,330089
332610,330753
332807,331213
332945,332807
333403,332892
333413,328526
333438,330616
333439,330618
333478,283945
333610,333227
333660,291404
333661,291407
333859,333228
333886,291743
333887,291745
333890,291747
333891,291749
333902,333136
333903,333136
333904,333135
333905,333213
333906,333212
334043,333385
334692,330981
334773,306868
334774,307132
334775,307133
334914,331107
335049,327862
335324,334987
335357,327732
335358,324166
335359,327735
335360,327736
335361,327737
335362,327738
335363,327739
335364,327740
335365,327741
335366,327742
335367,327743
335368,327744
335369,327745
335448,334988
335836,329777
335838,335633
335870,334914
335947,335718
335963,332945
336004,335425
336252,318365
336253,318641
336255,307373
336463,335963
336510,332178
336511,332179
336512,332180
336765,333012
336799,323152
336800,323153
336801,323154
336802,323155
336803,323150
336804,323151
336978,323398
336979,323399
336980,323401
336981,323400
336982,323403
336983,323402
337052,329324
337066,336023
337067,336420
337069,331495
337286,320389
337287,320431
337306,331619
337538,336908
337547,315909
337705,331762
337779,322885
337780,322888
337781,323032
337801,326926
337868,335379
338671,338452
338672,338451
338796,263739
338833,264046
338901,300640
339045,338586
339133,338634
339166,337798
339253,338657
339397,338379
339398,339397
339515,335992
339547,339300
339562,339302
339571,336424
339938,339351
340392,339166
340393,339253
340413,336174
340465,332040
340573,337069
340574,337306
340575,337705
340576,331993
340581,340493
340633,339771
340642,337502
340665,278739
340684,337068
340685,337344
340726,338042
340790,325233
340791,325216
340792,325233
340797,325216
340831,339421
340952,278210
340976,340864
340984,340296
340985,340295
340986,340478
341058,340593
341072,339544
341339,334909
341423,340344
341432,340003
341505,340665
341874,327237
341990,327480
342014,341909
342070,313213
342071,313301
342092,339667
342251,341526
342252,341640
342596,333563
342785,268470
343066,268881
343067,268800
343219,343051
343663,341207
344231,316345
345243,343111
345368,339674
345482,332341
345913,344438
345914,344455
346453,335722
346504,335768
346858,320012
346946,338254
347115,343048
347168,341385
347203,296616
347204,296617
347213,320253
347299,341274
347340,336618
347394,317219
347396,345587
347431,320590
347445,340380
347472,345619
347516,345737
347555,346559
347605,347470
347714,331705
347749,346173
347750,346528
347783,333445
347797,347240
347842,346111
347859,318636
347973,346188
347976,340684
347988,318636
347989,318634
347990,320063
348057,297562
348081,340685
348097,336531
348107,346054
348161,336445
348196,346189
348200,335623
348244,335703
348285,343190
348287,347960
348345,346760
348346,346761
348385,346937
348388,346938
348415,336583
348447,335805
348464,346627
348470,225353
348560,348423
348575,346869
348613,348494
348616,344239
348659,346879
348662,347817
348858,347827
348931,328465
349030,348858
349050,348610
349051,348611
349052,348773
349053,348774
349086,348893
349087,348894
349304,346782
349335,348339
349337,348745
349364,332117
349522,346681
349625,349478
349626,349479
349769,298120
349773,298424
349868,341720
349963,349719
350007,347976
350353,341214
350425,350280
350445,348996
350556,349137
350802,320661
350830,321628
350888,348619
351074,348081
351084,350903
351094,322105
351167,349016
351196,322267
351228,350087
351229,350087
351318,292651
351515,350294
351537,350182
351608,351457
351640,348444
351706,348479
351829,347408
351856,321142
351857,321262
351861,334692
351882,347506
351956,315657
351957,315657
351982,335870
351983,336463
351993,342435
352033,350748
352053,315715
352072,345308
352127,342608
352329,351292
352414,351310
